external_id,first_name,last_name,email,started_at,expires_on,status,name
99804,fake_1,marx_1,fake_1 marx_1_@fakemail.com,3/18/17,3/18/18,active,National
73893,fake_2,marx_2,fake_2 marx_2_@fakemail.com,2/10/17,2/10/18,active,National
11857,fake_3,marx_3,fake_3 marx_3_@fakemail.com,4/29/17,4/29/18,active,National
41230,fake_4,marx_4,fake_4 marx_4_@fakemail.com,3/1/17,3/1/18,active,National
15954,fake_5,marx_5,fake_5 marx_5_@fakemail.com,8/25/16,8/25/17,active,National
65688,fake_6,marx_6,fake_6 marx_6_@fakemail.com,6/28/17,6/28/18,active,National
87770,fake_7,marx_7,fake_7 marx_7_@fakemail.com,9/25/17,9/25/18,active,National
47959,fake_8,marx_8,fake_8 marx_8_@fakemail.com,4/4/16,4/4/17,active,National
53891,fake_9,marx_9,fake_9 marx_9_@fakemail.com,7/26/16,7/26/17,active,National
42981,fake_10,marx_10,fake_10 marx_10_@fakemail.com,2/4/17,2/4/18,active,National
73710,fake_11,marx_11,fake_11 marx_11_@fakemail.com,11/26/17,11/26/18,active,National
18471,fake_12,marx_12,fake_12 marx_12_@fakemail.com,8/23/17,8/23/18,active,National
71467,fake_13,marx_13,fake_13 marx_13_@fakemail.com,6/29/17,6/29/18,active,National
76500,fake_14,marx_14,fake_14 marx_14_@fakemail.com,9/18/17,9/18/18,active,National
87687,fake_15,marx_15,fake_15 marx_15_@fakemail.com,2/1/17,2/1/18,active,National
19901,fake_16,marx_16,fake_16 marx_16_@fakemail.com,5/10/16,5/10/17,active,National
61994,fake_17,marx_17,fake_17 marx_17_@fakemail.com,2/7/17,2/7/18,active,National
26030,fake_18,marx_18,fake_18 marx_18_@fakemail.com,6/21/16,6/21/17,active,National
97660,fake_19,marx_19,fake_19 marx_19_@fakemail.com,12/23/17,12/23/18,active,National
49272,fake_20,marx_20,fake_20 marx_20_@fakemail.com,1/14/16,1/13/17,active,National
76621,fake_21,marx_21,fake_21 marx_21_@fakemail.com,9/3/16,9/3/17,active,National
37199,fake_22,marx_22,fake_22 marx_22_@fakemail.com,6/8/16,6/8/17,active,National
79329,fake_23,marx_23,fake_23 marx_23_@fakemail.com,12/2/16,12/2/17,active,National
51755,fake_24,marx_24,fake_24 marx_24_@fakemail.com,11/28/16,11/28/17,active,National
22665,fake_25,marx_25,fake_25 marx_25_@fakemail.com,6/20/16,6/20/17,active,National
33249,fake_26,marx_26,fake_26 marx_26_@fakemail.com,12/28/16,12/28/17,active,National
88884,fake_27,marx_27,fake_27 marx_27_@fakemail.com,2/28/16,2/27/17,active,National
36533,fake_28,marx_28,fake_28 marx_28_@fakemail.com,3/27/16,3/27/17,active,National
76179,fake_29,marx_29,fake_29 marx_29_@fakemail.com,3/8/16,3/8/17,active,National
63503,fake_30,marx_30,fake_30 marx_30_@fakemail.com,8/17/17,8/17/18,active,National
63732,fake_31,marx_31,fake_31 marx_31_@fakemail.com,6/4/17,6/4/18,active,National
78526,fake_32,marx_32,fake_32 marx_32_@fakemail.com,10/30/16,10/30/17,active,National
11229,fake_33,marx_33,fake_33 marx_33_@fakemail.com,4/11/16,4/11/17,active,National
44649,fake_34,marx_34,fake_34 marx_34_@fakemail.com,11/16/17,11/16/18,active,National
41568,fake_35,marx_35,fake_35 marx_35_@fakemail.com,1/9/16,1/8/17,active,National
82675,fake_36,marx_36,fake_36 marx_36_@fakemail.com,3/1/17,3/1/18,active,National
53156,fake_37,marx_37,fake_37 marx_37_@fakemail.com,8/14/17,8/14/18,active,National
66155,fake_38,marx_38,fake_38 marx_38_@fakemail.com,5/3/17,5/3/18,active,National
28895,fake_39,marx_39,fake_39 marx_39_@fakemail.com,12/28/16,12/28/17,active,National
10404,fake_40,marx_40,fake_40 marx_40_@fakemail.com,3/4/17,3/4/18,active,National
15923,fake_41,marx_41,fake_41 marx_41_@fakemail.com,11/17/17,11/17/18,active,National
78253,fake_42,marx_42,fake_42 marx_42_@fakemail.com,10/3/16,10/3/17,active,National
19850,fake_43,marx_43,fake_43 marx_43_@fakemail.com,2/14/17,2/14/18,active,National
16727,fake_44,marx_44,fake_44 marx_44_@fakemail.com,10/23/17,10/23/18,active,National
59963,fake_45,marx_45,fake_45 marx_45_@fakemail.com,11/5/16,11/5/17,active,National
86234,fake_46,marx_46,fake_46 marx_46_@fakemail.com,11/4/16,11/4/17,active,National
75559,fake_47,marx_47,fake_47 marx_47_@fakemail.com,9/30/16,9/30/17,active,National
53541,fake_48,marx_48,fake_48 marx_48_@fakemail.com,9/15/17,9/15/18,active,National
36216,fake_49,marx_49,fake_49 marx_49_@fakemail.com,10/15/16,10/15/17,active,National
59718,fake_50,marx_50,fake_50 marx_50_@fakemail.com,8/26/17,8/26/18,active,National
16014,fake_51,marx_51,fake_51 marx_51_@fakemail.com,12/4/16,12/4/17,active,National
43875,fake_52,marx_52,fake_52 marx_52_@fakemail.com,3/4/16,3/4/17,active,National
91097,fake_53,marx_53,fake_53 marx_53_@fakemail.com,2/11/17,2/11/18,active,National
82987,fake_54,marx_54,fake_54 marx_54_@fakemail.com,1/4/16,1/3/17,active,National
40820,fake_55,marx_55,fake_55 marx_55_@fakemail.com,8/20/16,8/20/17,active,National
92651,fake_56,marx_56,fake_56 marx_56_@fakemail.com,3/29/17,3/29/18,active,National
49744,fake_57,marx_57,fake_57 marx_57_@fakemail.com,3/19/17,3/19/18,active,National
68317,fake_58,marx_58,fake_58 marx_58_@fakemail.com,10/21/17,10/21/18,active,National
91682,fake_59,marx_59,fake_59 marx_59_@fakemail.com,1/8/17,1/8/18,active,National
